,Annualized Return,Annualized Volatility,Sharpe Ratio,Sortino Ratio,Calmar Ratio,Maximum Drawdown,Rolling Sharpe Ratio,Hit Rate,Win/Loss Ratio,Time in Drawdown,Recovery Time,Skewness,Kurtosis,VaR (95%),CVaR (95%)
Unhedged,0.14831618853966688,0.1711013204617673,0.8668325185299095,1.1842267983099914,0.6265090308307703,-0.2367343186466044,1.1494841788771684,0.5407905803195963,0.9939716261967884,0.8755256518082423,15.043478260869565,-0.11159988034038136,5.139161667308008,-0.016886869486065104,-0.02484470860873813
Unhedged (Net),0.14843791410255225,0.17111336870595453,0.8674828578568379,1.1851987129406703,0.6270232172131309,-0.23673431864660419,1.1494912824480512,0.5407905803195963,0.9940739554399535,0.8755256518082423,15.043478260869565,-0.11132176709560886,5.1377702058123855,-0.016886869486065104,-0.02484470860873813
Hedged,-0.0031103677505902594,0.04717960150746865,-0.06592611321860953,-0.10298918413145777,-0.03220858897286131,-0.09656951297093547,-0.13107585321052684,0.5105130361648444,0.9521266858717953,0.9789739276703112,33.0625,0.2048234981713002,2.4294646969143456,-0.005039450631178033,-0.006410829567805208
Hedged (Net),-0.0032175952158641774,0.04719173364174996,-0.06818133108417126,-0.10650926600686017,-0.03325716588030817,-0.09674893006350072,-0.13341997042958997,0.5105130361648444,0.951772670789082,0.9798149705634988,22.933333333333334,0.20458799877195233,2.4277809243878337,-0.0050418000668901895,-0.006413006388134956
