,Annualized Return,Annualized Volatility,Sharpe Ratio,Sortino Ratio,Calmar Ratio,Maximum Drawdown,Rolling Sharpe Ratio,Hit Rate,Win/Loss Ratio,Time in Drawdown,Recovery Time,Skewness,Kurtosis,VaR (95%),CVaR (95%)
Unhedged,0.1534302835985477,0.17059276249000516,0.7821567670924214,1.069405396619874,0.6419145901515152,-0.23901977919263773,1.0437367693299313,0.5453020134228188,0.9829684461554549,0.8741610738255033,15.057971014492754,-0.11741166955466673,5.047098651300397,-0.016566098341467536,-0.024753590016021034
Hedged,0.15627078206081468,0.16290383877064762,0.8365105640798949,1.1565452666015394,0.739857563785236,-0.2112173879270856,1.022101621596582,0.5461409395973155,0.9867189599088059,0.875,13.492307692307692,-0.12466558240678574,5.487204667295039,-0.015597726535674684,-0.023330107046566184
Unhedged (Net),0.1511226783038997,0.17167876281204167,0.7637676096690899,1.044110033131633,0.6242899801681262,-0.2420712859482402,1.0222035854271811,0.5432409739714525,0.9862042190628431,0.8774139378673383,15.552238805970148,-0.11359135832174959,5.1182314834073726,-0.01662363085214058,-0.024913962391933272
Hedged (Net),0.15401406114740657,0.16391513761774346,0.8175819701285468,1.1298097642212237,0.7183731966890468,-0.21439282793017778,1.0006848224254132,0.5449202350965575,0.986417660526447,0.8757346767422334,13.920634920634921,-0.12163770382032789,5.575103388571003,-0.015710861652709462,-0.02348624888044797
