Model,Primary_Metric,MSE,RMSE,MAE,R2,Accuracy,Precision,Recall,F1_Score,AUC
Random Forest (Regression),R² = -0.1263,0.0005421840012219373,0.02246242703401778,0.017398433274640347,-0.1262789591250828,,,,,
SVM (Classification),F1 = 0.643,,,,,0.5347985347985348,0.6291208791208791,0.6580459770114943,0.6432584269662921,0.5053189945431324
