Model,Primary_Metric,MSE,RMSE,MAE,R2,Accuracy,Precision,Recall,F1_Score,AUC
Random Forest (Regression),R² = -0.1363,0.0005532528651148795,0.022598902265286214,0.01748941644320115,-0.1362723483891791,,,,,
SVM (Classification),F1 = 0.635,,,,,0.5384615384615384,0.6403508771929824,0.6293103448275862,0.6347826086956522,0.5352882270985719
