Metric,Value
Mean_Beta,0.02031629227835057
Beta_Std,0.10014377603407493
Min_Beta,-0.2265557515108756
Max_Beta,0.2891720797127087
Alpha_Annual_Pct,15.231163569397404
R_Squared,0.0225874121792555
Portfolio_Vol,17.061177006940095
Market_Vol,23.50319873613729
Correlation,0.025209362063224987
